{
  "loss": {
    "steps": [
      0
    ],
    "timestamps": [
      "2023-03-06T23:32:15.513953"
    ],
    "values": [
      0.0685163140296936
    ]
  }
}